{"feats": ["n_salient", "len", "rel_pos", "is_head", "is_tail", "is_decor", "is_dup", "has_num", "has_path", "has_hash", "has_caps", "has_kv", "ctx_task", "ctx_cmd", "t_read", "t_bash", "t_edit", "t_mcp"], "mean": [0.13595861088908678, 0.2643352517985077, 0.4948707700506262, 0.09303490540900612, 0.09303490540900612, 0.04167332800426326, 0.047188915534239276, 0.8923367972288836, 0.4114361843858247, 0.025819344524380495, 0.11709032773780975, 0.31158539834798826, 0.05685516292537995, 0.01634309387287183, 0.6932054356514789, 0.2126458832933653, 0.006490807354116707, 0.04143884892086331], "scale": [0.2118507109995901, 0.256332052994806, 0.30043820849141584, 0.2904813449851661, 0.2904813449851661, 0.1998415916100818, 0.2120427357513907, 0.3099545733495202, 0.49209394485688, 0.15859604652285633, 0.3215278881959511, 0.4631413800169822, 0.13473152926387139, 0.09043035645757581, 0.46116337629380333, 0.4091791925442862, 0.08030365355343873, 0.1993029621478885], "coef": [0.3393405940615628, 0.38500415049321707, 0.03560706003162701, 0.19440589613410658, 0.0046401046711567456, -1.5598992916076617, 0.15212515184764555, 0.06920646894641541, 0.5367974099754316, 0.009775413163662027, -0.20428158588712492, 0.22891197792011356, 0.8697337083109918, 0.15089286851057807, -0.7139630768393663, -0.5378875600753887, -0.2197128166693735, -0.16917948699734164], "intercept": -0.3969494260085505, "threshold": 0.219, "maxlines": 200}